{"animation":{"version":4,"name":"Take 001","duration":1.17549e-38,"nodes":[{"name":"Object008","defaults":{"p":[0,-3.46945e-15,-20.3136],"r":[-90,-0,0],"s":[0.927871,0.778767,0.927871]},"keys":[{"t":0}]}]}}